asm	pos	header	telomeres	labels	gaps	type	granular	its	canonical	windows
GCA_000001405.29_GRCh38.p14_genomic.chr.fna	1	CM000663.2	2	pq	166	gapped_discordant	P*Q	30	87258	460996
GCA_000001405.29_GRCh38.p14_genomic.chr.fna	2	CM000664.2	0	none	26	gapped_none		42	91585	481087
GCA_000001405.29_GRCh38.p14_genomic.chr.fna	3	CM000665.2	1	p	22	gapped_incomplete	P	13	75257	396190
GCA_000001405.29_GRCh38.p14_genomic.chr.fna	4	CM000666.2	1	q	18	gapped_incomplete	Q	13	70437	379495
GCA_000001405.29_GRCh38.p14_genomic.chr.fna	5	CM000667.2	1	p	37	gapped_incomplete	P	19	68734	362513
GCA_000001405.29_GRCh38.p14_genomic.chr.fna	6	CM000668.2	0	none	15	gapped_none		17	64520	340150
GCA_000001405.29_GRCh38.p14_genomic.chr.fna	7	CM000669.2	0	none	17	gapped_none		26	57808	317934
GCA_000001405.29_GRCh38.p14_genomic.chr.fna	8	CM000670.2	0	none	12	gapped_none		13	55487	289530
GCA_000001405.29_GRCh38.p14_genomic.chr.fna	9	CM000671.2	0	none	43	gapped_none		21	45247	243561
GCA_000001405.29_GRCh38.p14_genomic.chr.fna	10	CM000672.2	0	none	44	gapped_none		24	49940	266509
GCA_000001405.29_GRCh38.p14_genomic.chr.fna	11	CM000673.2	0	none	17	gapped_none		22	50701	269059
GCA_000001405.29_GRCh38.p14_genomic.chr.fna	12	CM000674.2	1	p	27	gapped_incomplete	P	17	49567	266264
GCA_000001405.29_GRCh38.p14_genomic.chr.fna	13	CM000675.2	0	none	20	gapped_none		12	35532	195961
GCA_000001405.29_GRCh38.p14_genomic.chr.fna	14	CM000676.2	0	none	25	gapped_none		8	33538	181130
GCA_000001405.29_GRCh38.p14_genomic.chr.fna	15	CM000677.2	0	none	19	gapped_none		8	31201	169276
GCA_000001405.29_GRCh38.p14_genomic.chr.fna	16	CM000678.2	0	none	21	gapped_none		17	28757	163602
GCA_000001405.29_GRCh38.p14_genomic.chr.fna	17	CM000679.2	0	none	36	gapped_none		22	28417	165821
GCA_000001405.29_GRCh38.p14_genomic.chr.fna	18	CM000680.2	1	p	61	gapped_incomplete	P	15	29049	160180
GCA_000001405.29_GRCh38.p14_genomic.chr.fna	19	CM000681.2	0	none	9	gapped_none		11	18056	116877
GCA_000001405.29_GRCh38.p14_genomic.chr.fna	20	CM000682.2	1	q	90	gapped_incomplete	Q	15	23548	127852
GCA_000001405.29_GRCh38.p14_genomic.chr.fna	21	CM000683.2	0	none	49	gapped_none		10	13963	80156
GCA_000001405.29_GRCh38.p14_genomic.chr.fna	22	CM000684.2	1	q	44	gapped_incomplete	Q	18	13023	78303
GCA_000001405.29_GRCh38.p14_genomic.chr.fna	23	CM000685.2	1	q	29	gapped_incomplete	Q	39	58136	309773
GCA_000001405.29_GRCh38.p14_genomic.chr.fna	24	CM000686.2	1	q	56	gapped_incomplete	Q	83	10796	52801
GCA_009914755.4_T2T-CHM13v2.0_genomic.chr.fna	1	CP068277.2	2	pq	0	t2t	PQ	35	88074	496774
GCA_009914755.4_T2T-CHM13v2.0_genomic.chr.fna	2	CP068276.2	2	pq	0	t2t	PQ	47	92674	485393
GCA_009914755.4_T2T-CHM13v2.0_genomic.chr.fna	3	CP068275.2	2	pq	0	t2t	PQ	16	76429	402211
GCA_009914755.4_T2T-CHM13v2.0_genomic.chr.fna	4	CP068274.2	2	pq	0	t2t	PQ	14	71534	387149
GCA_009914755.4_T2T-CHM13v2.0_genomic.chr.fna	5	CP068273.2	2	pq	0	t2t	PQ	19	69017	364090
GCA_009914755.4_T2T-CHM13v2.0_genomic.chr.fna	6	CP068272.2	2	pq	0	t2t	PQ	16	65429	344253
GCA_009914755.4_T2T-CHM13v2.0_genomic.chr.fna	7	CP068271.2	2	pq	0	t2t	PQ	30	58646	321134
GCA_009914755.4_T2T-CHM13v2.0_genomic.chr.fna	8	CP068270.2	2	pq	0	t2t	PQ	9	56520	292518
GCA_009914755.4_T2T-CHM13v2.0_genomic.chr.fna	9	CP068269.2	2	pq	0	t2t	PQ	24	47832	301234
GCA_009914755.4_T2T-CHM13v2.0_genomic.chr.fna	10	CP068268.2	2	pq	0	t2t	PQ	24	50755	269516
GCA_009914755.4_T2T-CHM13v2.0_genomic.chr.fna	11	CP068267.2	2	pq	0	t2t	PQ	23	51482	270255
GCA_009914755.4_T2T-CHM13v2.0_genomic.chr.fna	12	CP068266.2	2	pq	0	t2t	PQ	17	50145	266649
GCA_009914755.4_T2T-CHM13v2.0_genomic.chr.fna	13	CP068265.2	2	pq	0	t2t	PQ	17	38268	227133
GCA_009914755.4_T2T-CHM13v2.0_genomic.chr.fna	14	CP068264.2	2	pq	0	t2t	PQ	13	36048	202322
GCA_009914755.4_T2T-CHM13v2.0_genomic.chr.fna	15	CP068263.2	2	pq	0	t2t	PQ	13	33472	199506
GCA_009914755.4_T2T-CHM13v2.0_genomic.chr.fna	16	CP068262.2	2	pq	0	t2t	PQ	16	30571	192660
GCA_009914755.4_T2T-CHM13v2.0_genomic.chr.fna	17	CP068261.2	2	pq	0	t2t	PQ	15	29210	168553
GCA_009914755.4_T2T-CHM13v2.0_genomic.chr.fna	18	CP068260.2	2	pq	0	t2t	PQ	18	29945	161085
GCA_009914755.4_T2T-CHM13v2.0_genomic.chr.fna	19	CP068259.2	2	pq	0	t2t	PQ	11	18886	123414
GCA_009914755.4_T2T-CHM13v2.0_genomic.chr.fna	20	CP068258.2	2	pq	0	t2t	PQ	18	24651	132420
GCA_009914755.4_T2T-CHM13v2.0_genomic.chr.fna	21	CP068257.2	2	pq	0	t2t	PQ	14	15658	90181
GCA_009914755.4_T2T-CHM13v2.0_genomic.chr.fna	22	CP068256.2	2	pq	0	t2t	PQ	23	15846	102649
GCA_009914755.4_T2T-CHM13v2.0_genomic.chr.fna	23	CP068255.2	2	pq	0	t2t	PQ	39	58664	308519
GCA_009914755.4_T2T-CHM13v2.0_genomic.chr.fna	24	CP086569.2	2	pq	0	t2t	PQ	86	18860	124920
GCA_009914755.4_T2T-CHM13v2.0_genomic.chr.fna	25	CP068254.1	0	none	0	none		0	22	33
GCA_018852605.3_hg002v1.1.pat_genomic.fna	1	CP139546.2	2	pq	0	t2t	PQ	32	88027	504121
GCA_018852605.3_hg002v1.1.pat_genomic.fna	2	CP139542.2	2	pq	0	t2t	PQ	46	92191	483747
GCA_018852605.3_hg002v1.1.pat_genomic.fna	3	CP139541.2	2	pq	0	t2t	PQ	16	76098	403027
GCA_018852605.3_hg002v1.1.pat_genomic.fna	4	CP139540.2	2	pq	0	t2t	PQ	15	71119	384768
GCA_018852605.3_hg002v1.1.pat_genomic.fna	5	CP139539.2	2	pq	0	t2t	PQ	20	69380	377751
GCA_018852605.3_hg002v1.1.pat_genomic.fna	6	CP139538.2	2	pq	0	t2t	PQ	17	65187	348823
GCA_018852605.3_hg002v1.1.pat_genomic.fna	7	CP139537.2	2	pq	0	t2t	PQ	29	58498	320208
GCA_018852605.3_hg002v1.1.pat_genomic.fna	8	CP139536.2	2	pq	0	t2t	PQ	13	56713	293573
GCA_018852605.3_hg002v1.1.pat_genomic.fna	9	CP139535.2	2	pq	0	t2t	PQ	24	45920	263038
GCA_018852605.3_hg002v1.1.pat_genomic.fna	10	CP139556.2	2	pq	0	t2t	PQ	24	50542	271423
GCA_018852605.3_hg002v1.1.pat_genomic.fna	11	CP139555.2	2	pq	0	t2t	PQ	23	51273	267980
GCA_018852605.3_hg002v1.1.pat_genomic.fna	12	CP139554.2	2	pq	0	t2t	PQ	17	50047	267147
GCA_018852605.3_hg002v1.1.pat_genomic.fna	13	CP139553.2	2	pq	0	t2t	PQ	20	40812	218452
GCA_018852605.3_hg002v1.1.pat_genomic.fna	14	CP139552.2	2	pq	1	gapped_t2t	PQ	17	36862	208601
GCA_018852605.3_hg002v1.1.pat_genomic.fna	15	CP139551.2	2	pq	1	gapped_t2t	PQ	11	32585	187012
GCA_018852605.3_hg002v1.1.pat_genomic.fna	16	CP139550.2	2	pq	0	t2t	PQ	15	30008	187227
GCA_018852605.3_hg002v1.1.pat_genomic.fna	17	CP139549.2	2	pq	0	t2t	PQ	16	29322	169686
GCA_018852605.3_hg002v1.1.pat_genomic.fna	18	CP139548.2	2	pq	0	t2t	PQ	15	29612	161556
GCA_018852605.3_hg002v1.1.pat_genomic.fna	19	CP139547.2	2	pq	0	t2t	PQ	11	18912	122711
GCA_018852605.3_hg002v1.1.pat_genomic.fna	20	CP139545.2	2	pq	0	t2t	PQ	18	24618	134070
GCA_018852605.3_hg002v1.1.pat_genomic.fna	21	CP139544.2	2	pq	1	gapped_t2t	PQ	12	15816	84023
GCA_018852605.3_hg002v1.1.pat_genomic.fna	22	CP139543.2	2	pq	1	gapped_t2t	PQ	22	16487	96701
GCA_018852605.3_hg002v1.1.pat_genomic.fna	23	CP139534.2	2	pq	0	t2t	PQ	85	17524	124865
GCA_018852615.3_hg002v1.1.mat_genomic.chr.fna	1	CP139523.2	2	pq	0	t2t	PQ	32	88473	488044
GCA_018852615.3_hg002v1.1.mat_genomic.chr.fna	2	CP139519.2	2	pq	0	t2t	PQ	42	92327	484228
GCA_018852615.3_hg002v1.1.mat_genomic.chr.fna	3	CP139518.2	2	pq	0	t2t	PQ	19	76320	402195
GCA_018852615.3_hg002v1.1.mat_genomic.chr.fna	4	CP139517.2	2	pq	0	t2t	PQ	16	70934	383339
GCA_018852615.3_hg002v1.1.mat_genomic.chr.fna	5	CP139516.2	2	pq	0	t2t	PQ	19	69365	366524
GCA_018852615.3_hg002v1.1.mat_genomic.chr.fna	6	CP139515.2	2	pq	0	t2t	PQ	17	64989	349485
GCA_018852615.3_hg002v1.1.mat_genomic.chr.fna	7	CP139514.2	2	pq	0	t2t	PQ	29	58549	321910
GCA_018852615.3_hg002v1.1.mat_genomic.chr.fna	8	CP139513.2	2	pq	0	t2t	PQ	14	56865	293481
GCA_018852615.3_hg002v1.1.mat_genomic.chr.fna	9	CP139512.2	2	pq	0	t2t	PQ	25	47385	287606
GCA_018852615.3_hg002v1.1.mat_genomic.chr.fna	10	CP139533.2	2	pq	0	t2t	PQ	25	50813	271798
GCA_018852615.3_hg002v1.1.mat_genomic.chr.fna	11	CP139532.2	2	pq	0	t2t	PQ	23	51417	270471
GCA_018852615.3_hg002v1.1.mat_genomic.chr.fna	12	CP139531.2	2	pq	0	t2t	PQ	18	49922	267161
GCA_018852615.3_hg002v1.1.mat_genomic.chr.fna	13	CP139530.2	2	pq	1	gapped_t2t	PQ	19	37814	214903
GCA_018852615.3_hg002v1.1.mat_genomic.chr.fna	14	CP139529.2	2	pq	1	gapped_t2t	PQ	12	36959	207168
GCA_018852615.3_hg002v1.1.mat_genomic.chr.fna	15	CP139528.2	2	pq	1	gapped_t2t	PQ	15	33394	194876
GCA_018852615.3_hg002v1.1.mat_genomic.chr.fna	16	CP139527.2	2	pq	0	t2t	PQ	16	30208	180796
GCA_018852615.3_hg002v1.1.mat_genomic.chr.fna	17	CP139526.2	2	pq	0	t2t	PQ	15	29181	167540
GCA_018852615.3_hg002v1.1.mat_genomic.chr.fna	18	CP139525.2	2	pq	0	t2t	PQ	16	29497	157817
GCA_018852615.3_hg002v1.1.mat_genomic.chr.fna	19	CP139524.2	2	pq	0	t2t	PQ	11	18836	122634
GCA_018852615.3_hg002v1.1.mat_genomic.chr.fna	20	CP139522.2	2	pq	0	t2t	PQ	17	24507	132142
GCA_018852615.3_hg002v1.1.mat_genomic.chr.fna	21	CP139521.2	2	pq	1	gapped_t2t	PQ	12	14706	87278
GCA_018852615.3_hg002v1.1.mat_genomic.chr.fna	22	CP139520.2	2	pq	1	gapped_t2t	PQ	24	15108	96098
GCA_018852615.3_hg002v1.1.mat_genomic.chr.fna	23	CP139511.2	2	pq	0	t2t	PQ	39	58612	308682
GCA_050656315.1_RPE1V1.1_Haplotype_2_genomic.chr.fna	1	CM116119.1	2	pq	1	gapped_t2t	PQ	32	89242	491807
GCA_050656315.1_RPE1V1.1_Haplotype_2_genomic.chr.fna	2	CM116120.1	2	pq	0	t2t	PQ	41	93237	484309
GCA_050656315.1_RPE1V1.1_Haplotype_2_genomic.chr.fna	3	CM116121.1	2	pq	0	t2t	PQ	18	77673	403621
GCA_050656315.1_RPE1V1.1_Haplotype_2_genomic.chr.fna	4	CM116122.1	2	pq	0	t2t	PQ	16	71835	383139
GCA_050656315.1_RPE1V1.1_Haplotype_2_genomic.chr.fna	5	CM116123.1	2	pq	0	t2t	PQ	19	70018	363075
GCA_050656315.1_RPE1V1.1_Haplotype_2_genomic.chr.fna	6	CM116124.1	2	pq	0	t2t	PQ	17	66161	344968
GCA_050656315.1_RPE1V1.1_Haplotype_2_genomic.chr.fna	7	CM116125.1	2	pq	0	t2t	PQ	28	59169	320862
GCA_050656315.1_RPE1V1.1_Haplotype_2_genomic.chr.fna	8	CM116126.1	2	pq	0	t2t	PQ	13	56603	290032
GCA_050656315.1_RPE1V1.1_Haplotype_2_genomic.chr.fna	9	CM116127.1	2	pq	0	t2t	PQ	28	47830	282000
GCA_050656315.1_RPE1V1.1_Haplotype_2_genomic.chr.fna	10	CM116128.1	1	p	16	gapped_incomplete	P	25	50700	269097
GCA_050656315.1_RPE1V1.1_Haplotype_2_genomic.chr.fna	11	CM116129.1	2	pq	0	t2t	PQ	23	52322	270514
GCA_050656315.1_RPE1V1.1_Haplotype_2_genomic.chr.fna	12	CM116130.1	2	pq	0	t2t	PQ	17	50665	266424
GCA_050656315.1_RPE1V1.1_Haplotype_2_genomic.chr.fna	13	CM116131.1	1	q	1	gapped_incomplete	Q	17	37095	206191
GCA_050656315.1_RPE1V1.1_Haplotype_2_genomic.chr.fna	14	CM116132.1	1	q	0	incomplete	Q	10	35187	191636
GCA_050656315.1_RPE1V1.1_Haplotype_2_genomic.chr.fna	15	CM116133.1	1	q	0	incomplete	Q	12	32596	180489
GCA_050656315.1_RPE1V1.1_Haplotype_2_genomic.chr.fna	16	CM116134.1	2	pq	1	gapped_t2t	PQ	14	30918	180626
GCA_050656315.1_RPE1V1.1_Haplotype_2_genomic.chr.fna	17	CM116135.1	2	pq	0	t2t	PQ	15	29697	165634
GCA_050656315.1_RPE1V1.1_Haplotype_2_genomic.chr.fna	18	CM116136.1	2	pq	0	t2t	PQ	16	29991	153316
GCA_050656315.1_RPE1V1.1_Haplotype_2_genomic.chr.fna	19	CM116137.1	2	pq	0	t2t	PQ	11	19515	122993
GCA_050656315.1_RPE1V1.1_Haplotype_2_genomic.chr.fna	20	CM116138.1	2	pq	1	gapped_t2t	PQ	18	25635	132624
GCA_050656315.1_RPE1V1.1_Haplotype_2_genomic.chr.fna	21	CM116139.1	1	q	1	gapped_incomplete	Q	12	14532	79599
GCA_050656315.1_RPE1V1.1_Haplotype_2_genomic.chr.fna	22	CM116140.1	1	q	0	incomplete	Q	24	15272	95118
GCA_050656315.1_RPE1V1.1_Haplotype_2_genomic.chr.fna	23	CM116141.1	2	pq	13	gapped_t2t	PQ	40	59027	308277
GCA_050656345.1_RPE1V1.1_Haplotype_1_genomic.chr.fna	1	CM116096.1	2	pq	2	gapped_t2t	PQ	31	88746	490007
GCA_050656345.1_RPE1V1.1_Haplotype_1_genomic.chr.fna	2	CM116097.1	2	pq	0	t2t	PQ	45	93260	485355
GCA_050656345.1_RPE1V1.1_Haplotype_1_genomic.chr.fna	3	CM116098.1	2	pq	0	t2t	PQ	16	76468	397521
GCA_050656345.1_RPE1V1.1_Haplotype_1_genomic.chr.fna	4	CM116099.1	2	pq	0	t2t	PQ	15	71566	385245
GCA_050656345.1_RPE1V1.1_Haplotype_1_genomic.chr.fna	5	CM116100.1	2	pq	0	t2t	PQ	19	70237	364518
GCA_050656345.1_RPE1V1.1_Haplotype_1_genomic.chr.fna	6	CM116101.1	2	pq	0	t2t	PQ	16	65970	344090
GCA_050656345.1_RPE1V1.1_Haplotype_1_genomic.chr.fna	7	CM116102.1	2	pq	0	t2t	PQ	29	59537	327295
GCA_050656345.1_RPE1V1.1_Haplotype_1_genomic.chr.fna	8	CM116103.1	2	pq	0	t2t	PQ	12	57046	291360
GCA_050656345.1_RPE1V1.1_Haplotype_1_genomic.chr.fna	9	CM116104.1	2	pq	0	t2t	PQ	25	47660	275042
GCA_050656345.1_RPE1V1.1_Haplotype_1_genomic.chr.fna	10	CM116105.1	1	p	41	gapped_incomplete	P	25	50376	269292
GCA_050656345.1_RPE1V1.1_Haplotype_1_genomic.chr.fna	11	CM116106.1	2	pq	0	t2t	PQ	23	51986	268531
GCA_050656345.1_RPE1V1.1_Haplotype_1_genomic.chr.fna	12	CM116107.1	2	pq	0	t2t	PQ	17	50638	266473
GCA_050656345.1_RPE1V1.1_Haplotype_1_genomic.chr.fna	13	CM116108.1	1	q	0	incomplete	Q	15	37128	202032
GCA_050656345.1_RPE1V1.1_Haplotype_1_genomic.chr.fna	14	CM116109.1	1	q	0	incomplete	Q	12	35955	195122
GCA_050656345.1_RPE1V1.1_Haplotype_1_genomic.chr.fna	15	CM116110.1	1	q	0	incomplete	Q	12	33306	190545
GCA_050656345.1_RPE1V1.1_Haplotype_1_genomic.chr.fna	16	CM116111.1	1	p	0	incomplete	Pp*	13	30086	179748
GCA_050656345.1_RPE1V1.1_Haplotype_1_genomic.chr.fna	17	CM116112.1	2	pq	0	t2t	PQ	16	29615	165983
GCA_050656345.1_RPE1V1.1_Haplotype_1_genomic.chr.fna	18	CM116113.1	2	pq	0	t2t	PQ	16	30328	153306
GCA_050656345.1_RPE1V1.1_Haplotype_1_genomic.chr.fna	19	CM116114.1	2	pq	0	t2t	PQ	11	19668	121808
GCA_050656345.1_RPE1V1.1_Haplotype_1_genomic.chr.fna	20	CM116115.1	2	pq	0	t2t	PQ	17	25636	131348
GCA_050656345.1_RPE1V1.1_Haplotype_1_genomic.chr.fna	21	CM116116.1	1	q	0	incomplete	Q	9	14208	77595
GCA_050656345.1_RPE1V1.1_Haplotype_1_genomic.chr.fna	22	CM116117.1	1	q	0	incomplete	Q	22	14717	90500
GCA_050656345.1_RPE1V1.1_Haplotype_1_genomic.chr.fna	23	CM116118.1	1	p	19	gapped_incomplete	P	56	87661	453867
GWHGEYB00000000.1.genome.fasta.gz	1	GWHGEYB00000001.1	Chromosome	2	pq	0	t2t	PQ	34	90087	496727
GWHGEYB00000000.1.genome.fasta.gz	2	GWHGEYB00000002.1	Chromosome	2	pq	0	t2t	PQ	46	94664	485350
GWHGEYB00000000.1.genome.fasta.gz	3	GWHGEYB00000003.1	Chromosome	2	pq	0	t2t	PQ	18	77789	400676
GWHGEYB00000000.1.genome.fasta.gz	4	GWHGEYB00000004.1	Chromosome	2	pq	0	t2t	PQ	15	72854	383966
GWHGEYB00000000.1.genome.fasta.gz	5	GWHGEYB00000005.1	Chromosome	2	pq	0	t2t	PQ	18	71027	366798
GWHGEYB00000000.1.genome.fasta.gz	6	GWHGEYB00000006.1	Chromosome	2	pq	0	t2t	PQ	16	66728	343101
GWHGEYB00000000.1.genome.fasta.gz	7	GWHGEYB00000007.1	Chromosome	2	pq	0	t2t	PQ	28	60155	321674
GWHGEYB00000000.1.genome.fasta.gz	8	GWHGEYB00000008.1	Chromosome	2	pq	0	t2t	PQ	10	57603	290181
GWHGEYB00000000.1.genome.fasta.gz	9	GWHGEYB00000009.1	Chromosome	2	pq	0	t2t	PQ	23	47885	264748
GWHGEYB00000000.1.genome.fasta.gz	10	GWHGEYB00000010.1	Chromosome	2	pq	0	t2t	PQ	25	52564	270183
GWHGEYB00000000.1.genome.fasta.gz	11	GWHGEYB00000011.1	Chromosome	2	pq	0	t2t	PQ	23	53701	273477
GWHGEYB00000000.1.genome.fasta.gz	12	GWHGEYB00000012.1	Chromosome	2	pq	0	t2t	PQ	18	51579	268949
GWHGEYB00000000.1.genome.fasta.gz	13	GWHGEYB00000013.1	Chromosome	2	pq	0	t2t	PQ	18	39818	218993
GWHGEYB00000000.1.genome.fasta.gz	14	GWHGEYB00000014.1	Chromosome	2	pq	0	t2t	PQ	12	39462	202806
GWHGEYB00000000.1.genome.fasta.gz	15	GWHGEYB00000015.1	Chromosome	2	pq	0	t2t	PQ	14	35345	194446
GWHGEYB00000000.1.genome.fasta.gz	16	GWHGEYB00000016.1	Chromosome	2	pq	0	t2t	PQ	16	33027	176456
GWHGEYB00000000.1.genome.fasta.gz	17	GWHGEYB00000017.1	Chromosome	2	pq	0	t2t	PQ	19	31666	167675
GWHGEYB00000000.1.genome.fasta.gz	18	GWHGEYB00000018.1	Chromosome	2	pq	0	t2t	PQ	15	30986	160059
GWHGEYB00000000.1.genome.fasta.gz	19	GWHGEYB00000019.1	Chromosome	2	pq	0	t2t	PQ	11	21523	123004
GWHGEYB00000000.1.genome.fasta.gz	20	GWHGEYB00000020.1	Chromosome	2	pq	0	t2t	PQ	19	26481	132536
GWHGEYB00000000.1.genome.fasta.gz	21	GWHGEYB00000021.1	Chromosome	2	pq	0	t2t	PQ	13	16405	84689
GWHGEYB00000000.1.genome.fasta.gz	22	GWHGEYB00000022.1	Chromosome	2	pq	0	t2t	PQ	23	16399	99467
GWHGEYB00000000.1.genome.fasta.gz	23	GWHGEYB00000023.1	Chromosome	2	pq	0	t2t	PQ	87	17907	103090
GWHGEYC00000000.1.genome.fasta.gz	1	GWHGEYC00000001.1	Chromosome	2	pq	0	t2t	PQ	31	90457	487510
GWHGEYC00000000.1.genome.fasta.gz	2	GWHGEYC00000002.1	Chromosome	2	pq	0	t2t	PQ	47	94913	485240
GWHGEYC00000000.1.genome.fasta.gz	3	GWHGEYC00000003.1	Chromosome	2	pq	0	t2t	PQ	18	78256	401985
GWHGEYC00000000.1.genome.fasta.gz	4	GWHGEYC00000004.1	Chromosome	2	pq	0	t2t	PQ	17	73410	387324
GWHGEYC00000000.1.genome.fasta.gz	5	GWHGEYC00000005.1	Chromosome	2	pq	0	t2t	PQ	19	71894	366119
GWHGEYC00000000.1.genome.fasta.gz	6	GWHGEYC00000006.1	Chromosome	2	pq	0	t2t	PQ	17	67568	351398
GWHGEYC00000000.1.genome.fasta.gz	7	GWHGEYC00000007.1	Chromosome	2	pq	0	t2t	PQ	32	61059	327381
GWHGEYC00000000.1.genome.fasta.gz	8	GWHGEYC00000008.1	Chromosome	2	pq	0	t2t	PQ	13	58458	291076
GWHGEYC00000000.1.genome.fasta.gz	9	GWHGEYC00000009.1	Chromosome	2	pq	0	t2t	PQ	26	47792	262783
GWHGEYC00000000.1.genome.fasta.gz	10	GWHGEYC00000010.1	Chromosome	2	pq	0	t2t	PQ	25	52904	269701
GWHGEYC00000000.1.genome.fasta.gz	11	GWHGEYC00000011.1	Chromosome	2	pq	0	t2t	PQ	23	53646	268265
GWHGEYC00000000.1.genome.fasta.gz	12	GWHGEYC00000012.1	Chromosome	2	pq	0	t2t	PQ	18	51138	265978
GWHGEYC00000000.1.genome.fasta.gz	13	GWHGEYC00000013.1	Chromosome	2	pq	0	t2t	PQ	19	40796	212037
GWHGEYC00000000.1.genome.fasta.gz	14	GWHGEYC00000014.1	Chromosome	2	pq	0	t2t	PQ	13	38536	201514
GWHGEYC00000000.1.genome.fasta.gz	15	GWHGEYC00000015.1	Chromosome	2	pq	0	t2t	PQ	14	37655	202794
GWHGEYC00000000.1.genome.fasta.gz	16	GWHGEYC00000016.1	Chromosome	2	pq	0	t2t	PQ	13	32118	173588
GWHGEYC00000000.1.genome.fasta.gz	17	GWHGEYC00000017.1	Chromosome	2	pq	0	t2t	PQ	21	32658	173049
GWHGEYC00000000.1.genome.fasta.gz	18	GWHGEYC00000018.1	Chromosome	2	pq	0	t2t	PQ	16	32821	160988
GWHGEYC00000000.1.genome.fasta.gz	19	GWHGEYC00000019.1	Chromosome	2	pq	0	t2t	PQ	11	19820	121092
GWHGEYC00000000.1.genome.fasta.gz	20	GWHGEYC00000020.1	Chromosome	2	pq	0	t2t	PQ	17	26998	134008
GWHGEYC00000000.1.genome.fasta.gz	21	GWHGEYC00000021.1	Chromosome	2	pq	0	t2t	PQ	11	17555	89677
GWHGEYC00000000.1.genome.fasta.gz	22	GWHGEYC00000022.1	Chromosome	2	pq	0	t2t	PQ	23	17852	102853
GWHGEYC00000000.1.genome.fasta.gz	23	GWHGEYC00000023.1	Chromosome	2	pq	0	t2t	PQ	40	60455	310118
GWHGEYC00000000.1.genome.fasta.gz	24	GWHGEYC00000024.1	Mitochondrion	Complete=T	Circular=T	OriSeqID=chrM	Len=16567	0	none	0	none		0	23	33
H9_T2T_v0.1_hap1.fasta	1	chr1_hap1	2	pq	0	t2t	PQ	39	89363	500764
H9_T2T_v0.1_hap1.fasta	2	chr2_hap1	2	pq	0	t2t	PQ	41	95101	484876
H9_T2T_v0.1_hap1.fasta	3	chr3_hap1	2	pq	0	t2t	PQ	16	76653	401881
H9_T2T_v0.1_hap1.fasta	4	chr4_hap1	2	pq	0	t2t	PQ	16	73814	386507
H9_T2T_v0.1_hap1.fasta	5	chr5_hap1	2	pq	0	t2t	PQ	20	72494	372424
H9_T2T_v0.1_hap1.fasta	6	chr6_hap1	2	pq	0	t2t	PQ	16	66162	346103
H9_T2T_v0.1_hap1.fasta	7	chr7_hap1	2	pq	0	t2t	PQ	27	59716	323433
H9_T2T_v0.1_hap1.fasta	8	chr8_hap1	2	pq	0	t2t	PQ	13	56318	290930
H9_T2T_v0.1_hap1.fasta	9	chr9_hap1	2	pq	0	t2t	PQ	24	48165	271836
H9_T2T_v0.1_hap1.fasta	10	chr10_hap1	2	pq	0	t2t	PQ	25	53229	268770
H9_T2T_v0.1_hap1.fasta	11	chr11_hap1	2	pq	0	t2t	PQ	20	51999	267844
H9_T2T_v0.1_hap1.fasta	12	chr12_hap1	2	pq	0	t2t	PQ	17	54248	266753
H9_T2T_v0.1_hap1.fasta	13	chr13_hap1	2	pq	1	gapped_t2t	PQ	20	40245	214554
H9_T2T_v0.1_hap1.fasta	14	chr14_hap1	2	pq	1	gapped_t2t	PQ	12	36522	205404
H9_T2T_v0.1_hap1.fasta	15	chr15_hap1	2	pq	1	gapped_t2t	PQ	14	37858	192491
H9_T2T_v0.1_hap1.fasta	16	chr16_hap1	2	pq	0	t2t	PQ	14	33298	192431
H9_T2T_v0.1_hap1.fasta	17	chr17_hap1	2	pq	0	t2t	PQ	15	29945	172353
H9_T2T_v0.1_hap1.fasta	18	chr18_hap1	2	pq	0	t2t	PQ	16	29444	155107
H9_T2T_v0.1_hap1.fasta	19	chr19_hap1	2	pq	0	t2t	PQ	11	19609	138923
H9_T2T_v0.1_hap1.fasta	20	chr20_hap1	2	pq	0	t2t	PQ	18	24913	133551
H9_T2T_v0.1_hap1.fasta	21	chr21_hap1	2	pq	1	gapped_t2t	PQ	13	18896	88608
H9_T2T_v0.1_hap1.fasta	22	chr22_hap1	2	pq	0	t2t	PQ	21	18299	94159
H9_T2T_v0.1_hap1.fasta	23	chrX_hap1	2	pq	0	t2t	PQ	40	61895	310306
H9_T2T_v0.1_hap2.fasta	1	chr1_hap2	2	pq	0	t2t	PQ	30	89811	486397
H9_T2T_v0.1_hap2.fasta	2	chr2_hap2	2	pq	0	t2t	PQ	41	95335	484285
H9_T2T_v0.1_hap2.fasta	3	chr3_hap2	2	pq	0	t2t	PQ	16	76339	405366
H9_T2T_v0.1_hap2.fasta	4	chr4_hap2	2	pq	0	t2t	PQ	16	72026	382343
H9_T2T_v0.1_hap2.fasta	5	chr5_hap2	2	pq	0	t2t	PQ	19	71674	364818
H9_T2T_v0.1_hap2.fasta	6	chr6_hap2	2	pq	0	t2t	PQ	17	65668	345742
H9_T2T_v0.1_hap2.fasta	7	chr7_hap2	2	pq	0	t2t	PQ	26	59327	322465
H9_T2T_v0.1_hap2.fasta	8	chr8_hap2	2	pq	0	t2t	PQ	12	57634	291737
H9_T2T_v0.1_hap2.fasta	9	chr9_hap2	2	pq	0	t2t	PQ	25	46906	270065
H9_T2T_v0.1_hap2.fasta	10	chr10_hap2	2	pq	0	t2t	PQ	24	51686	271296
H9_T2T_v0.1_hap2.fasta	11	chr11_hap2	2	pq	0	t2t	PQ	23	51802	272277
H9_T2T_v0.1_hap2.fasta	12	chr12_hap2	2	pq	0	t2t	PQ	18	50729	268254
H9_T2T_v0.1_hap2.fasta	13	chr13_hap2	2	pq	1	gapped_t2t	PQ	22	43132	224970
H9_T2T_v0.1_hap2.fasta	14	chr14_hap2	2	pq	1	gapped_t2t	PQ	14	39808	203334
H9_T2T_v0.1_hap2.fasta	15	chr15_hap2	2	pq	0	t2t	PQ	14	38064	193702
H9_T2T_v0.1_hap2.fasta	16	chr16_hap2	2	pq	0	t2t	PQ	18	30708	175943
H9_T2T_v0.1_hap2.fasta	17	chr17_hap2	2	pq	0	t2t	PQ	15	30619	167659
H9_T2T_v0.1_hap2.fasta	18	chr18_hap2	2	pq	0	t2t	PQ	12	30287	161128
H9_T2T_v0.1_hap2.fasta	19	chr19_hap2	2	pq	0	t2t	PQ	11	19585	123097
H9_T2T_v0.1_hap2.fasta	20	chr20_hap2	2	pq	0	t2t	PQ	18	25312	131207
H9_T2T_v0.1_hap2.fasta	21	chr21_hap2	2	pq	1	gapped_t2t	PQ	12	17541	85318
H9_T2T_v0.1_hap2.fasta	22	chr22_hap2	1	q	1	gapped_incomplete	Q	22	16267	97047
H9_T2T_v0.1_hap2.fasta	23	chrX_hap2	2	pq	0	t2t	PQ	38	59193	307409
I002Cv0.7.hap1.fasta.gz	1	chr1	2	pq	0	t2t	PQ	31	88903	480892
I002Cv0.7.hap1.fasta.gz	2	chr2	2	pq	0	t2t	PQ	46	92759	484352
I002Cv0.7.hap1.fasta.gz	3	chr3	2	pq	0	t2t	PQ	18	77044	408589
I002Cv0.7.hap1.fasta.gz	4	chr4	2	pq	0	t2t	PQ	16	72449	383490
I002Cv0.7.hap1.fasta.gz	5	chr5	2	pq	0	t2t	PQ	20	69635	364945
I002Cv0.7.hap1.fasta.gz	6	chr6	2	pq	0	t2t	PQ	17	66376	344825
I002Cv0.7.hap1.fasta.gz	7	chr7	2	pq	0	t2t	PQ	29	58887	320617
I002Cv0.7.hap1.fasta.gz	8	chr8	2	pq	0	t2t	PQ	13	57370	292543
I002Cv0.7.hap1.fasta.gz	9	chr9	2	pq	0	t2t	PQ	25	47395	280328
I002Cv0.7.hap1.fasta.gz	10	chr10	2	pq	0	t2t	PQ	26	52110	270411
I002Cv0.7.hap1.fasta.gz	11	chr11	2	pq	0	t2t	PQ	23	52210	268237
I002Cv0.7.hap1.fasta.gz	12	chr12	2	pq	0	t2t	PQ	17	51570	268680
I002Cv0.7.hap1.fasta.gz	13	chr13	2	pq	0	t2t	PQ	19	39698	216489
I002Cv0.7.hap1.fasta.gz	14	chr14	2	pq	0	t2t	PQ	13	37494	204878
I002Cv0.7.hap1.fasta.gz	15	chr15	2	pq	0	t2t	PQ	14	34556	201726
I002Cv0.7.hap1.fasta.gz	16	chr16	2	pq	0	t2t	PQ	19	31322	189470
I002Cv0.7.hap1.fasta.gz	17	chr17	2	pq	0	t2t	PQ	16	30058	166223
I002Cv0.7.hap1.fasta.gz	18	chr18	2	pq	0	t2t	PQ	16	30994	164685
I002Cv0.7.hap1.fasta.gz	19	chr19	2	pq	0	t2t	PQ	11	19758	130015
I002Cv0.7.hap1.fasta.gz	20	chr20	2	pq	0	t2t	PQ	17	26423	138087
I002Cv0.7.hap1.fasta.gz	21	chr21	2	pq	0	t2t	PQ	13	15592	93889
I002Cv0.7.hap1.fasta.gz	22	chr22	2	pq	0	t2t	PQ	23	17448	104933
I002Cv0.7.hap1.fasta.gz	23	chrY	2	pq	0	t2t	PQ	86	17372	113141
I002Cv0.7.hap2.fasta.gz	1	chr1	2	pq	0	t2t	PQ	30	88673	496341
I002Cv0.7.hap2.fasta.gz	2	chr2	2	pq	0	t2t	PQ	41	93163	484809
I002Cv0.7.hap2.fasta.gz	3	chr3	2	pq	0	t2t	PQ	16	76890	401401
I002Cv0.7.hap2.fasta.gz	4	chr4	2	pq	0	t2t	PQ	15	72111	385889
I002Cv0.7.hap2.fasta.gz	5	chr5	2	pq	0	t2t	PQ	19	70110	366246
I002Cv0.7.hap2.fasta.gz	6	chr6	2	pq	0	t2t	PQ	16	66074	344292
I002Cv0.7.hap2.fasta.gz	7	chr7	2	pq	0	t2t	PQ	28	59372	323818
I002Cv0.7.hap2.fasta.gz	8	chr8	2	pq	0	t2t	PQ	13	57231	292120
I002Cv0.7.hap2.fasta.gz	9	chr9	2	pq	0	t2t	PQ	27	47892	282917
I002Cv0.7.hap2.fasta.gz	10	chr10	2	pq	0	t2t	PQ	25	51593	268358
I002Cv0.7.hap2.fasta.gz	11	chr11	2	pq	0	t2t	PQ	22	52671	265876
I002Cv0.7.hap2.fasta.gz	12	chr12	2	pq	0	t2t	PQ	17	50751	270340
I002Cv0.7.hap2.fasta.gz	13	chr13	2	pq	0	t2t	PQ	20	38565	214598
I002Cv0.7.hap2.fasta.gz	14	chr14	2	pq	0	t2t	PQ	12	37156	199097
I002Cv0.7.hap2.fasta.gz	15	chr15	2	pq	0	t2t	PQ	14	34062	186752
I002Cv0.7.hap2.fasta.gz	16	chr16	2	pq	0	t2t	PQ	17	30473	187643
I002Cv0.7.hap2.fasta.gz	17	chr17	2	pq	0	t2t	PQ	20	29650	167986
I002Cv0.7.hap2.fasta.gz	18	chr18	2	pq	0	t2t	PQ	17	30401	161726
I002Cv0.7.hap2.fasta.gz	19	chr19	2	pq	0	t2t	PQ	11	19497	121338
I002Cv0.7.hap2.fasta.gz	20	chr20	2	pq	0	t2t	PQ	18	25634	135928
I002Cv0.7.hap2.fasta.gz	21	chr21	2	pq	0	t2t	PQ	14	15629	91672
I002Cv0.7.hap2.fasta.gz	22	chr22	2	pq	0	t2t	PQ	23	16051	105652
I002Cv0.7.hap2.fasta.gz	23	chrX	2	pq	0	t2t	PQ	39	59643	309782
